Period,Domain,Notice ID,Date,URLs Claimed,URLs Removed,Reporter,Owner,Lumen URL
S1 2026,alairelibre.cl,40920949,2026-01-27,738,660,Mikayla Demaiter,Mikayla Demaiter,https://lumendatabase.org/notices/77746826
S1 2026,mrfixitstips.co.uk,41217539,2026-01-24,15,1,ALARKO GAYRİMENKUL YATIRIM ORTAKLIĞI A.Ş.,ALARKO GAYRİMENKUL YATIRIM ORTAKLIĞI A.Ş.,https://lumendatabase.org/notices/77635263
S1 2026,sportsmole.co.uk,41336969,2026-01-18,2,0,Wilma Kosowska,Wilma Kosowska,https://lumendatabase.org/notices/77348157
S1 2026,sportsmole.co.uk,40508569,2026-01-07,2,1,Rania de Jonge,Rania de Jonge,https://lumendatabase.org/notices/76808487
S2 2025,bojoko.ca,39972526,2025-12-21,6,0,Cynthia Cole,Cynthia Cole,https://lumendatabase.org/notices/76027353
S2 2025,bojoko.ca,39961510,2025-12-21,4,0,Tiffany Brown,Tiffany Brown,https://lumendatabase.org/notices/75997107
S2 2025,bojoko.ca,39934113,2025-12-21,7,0,Lance Pena,Lance Pena,https://lumendatabase.org/notices/76002942
S2 2025,bojoko.ca,40006581,2025-12-21,5,0,Christine Agarwal,Christine Agarwal,https://lumendatabase.org/notices/76016713
S2 2025,bojoko.ca,39984480,2025-12-21,7,0,Jay Lukman,Jay Lukman,https://lumendatabase.org/notices/75992888
S2 2025,bojoko.ca,39920191,2025-12-21,7,0,Michelle Porter,Michelle Porter,https://lumendatabase.org/notices/76020894
S2 2025,bojoko.ca,39945654,2025-12-21,6,0,Tyler Weavers,Tyler Weavers,https://lumendatabase.org/notices/75993555
S2 2025,bojoko.ca,39956524,2025-12-21,6,0,Star Stone,Star Stone,https://lumendatabase.org/notices/75991096
S2 2025,mundodeportivo.com,39758299,2025-12-18,532,289,Mikayla Demaiter,Mikayla Demaiter,https://lumendatabase.org/notices/75823671
S2 2025,footballwhispers.com,39733933,2025-12-17,4,0,Stephanie Mitchell,Stephanie Mitchell,https://lumendatabase.org/notices/75827576
S2 2025,footballwhispers.com,39702956,2025-12-17,4,0,Lauren Gibson,Lauren Gibson,https://lumendatabase.org/notices/75817384
S2 2025,footballwhispers.com,39870316,2025-12-17,4,0,Carla Miller,Carla Miller,https://lumendatabase.org/notices/75810602
S2 2025,vringe.com,39851692,2025-12-17,7,0,Fred Altayeb,Fred Altayeb,https://lumendatabase.org/notices/75810274
S2 2025,vringe.com,39799040,2025-12-17,4,0,Kim Rogers,Kim Rogers,https://lumendatabase.org/notices/75825729
S2 2025,vringe.com,39709472,2025-12-17,4,0,Cheryl Johnson,Cheryl Johnson,https://lumendatabase.org/notices/75804375
S2 2025,vringe.com,39747982,2025-12-17,6,0,Kevin Sims,Kevin Sims,https://lumendatabase.org/notices/75812015
S2 2025,vringe.com,39731338,2025-12-17,5,0,Tyrone Douglas,Tyrone Douglas,https://lumendatabase.org/notices/75793390
S2 2025,vringe.com,39724269,2025-12-17,4,0,Simone Smith,Simone Smith,https://lumendatabase.org/notices/75786904
S2 2025,vringe.com,39859249,2025-12-17,7,0,Kelvin Owens,Kelvin Owens,https://lumendatabase.org/notices/75783193
S2 2025,vringe.com,39856484,2025-12-17,4,0,Michael Vega,Michael Vega,https://lumendatabase.org/notices/75797372
S2 2025,vringe.com,39821985,2025-12-17,6,0,Ashley Johnson,Ashley Johnson,https://lumendatabase.org/notices/75806632
S2 2025,vringe.com,39766569,2025-12-17,6,0,Christina Baker,Christina Baker,https://lumendatabase.org/notices/75806845
S2 2025,bojoko.com,39392774,2025-12-05,4,0,Боян Субботин,Боян Субботин,https://lumendatabase.org/notices/75251870
S2 2025,vringe.com,38732811,2025-11-27,5,0,HHK eCommerce Consulting LTD,HHK eCommerce Consulting LTD,https://lumendatabase.org/notices/74806762
S2 2025,bojoko.com,38735948,2025-11-26,16,0,Lisa Harris,Lisa Harris,https://lumendatabase.org/notices/74755234
S2 2025,bojoko.com,38660134,2025-11-26,16,0,Tameka Banks,Tameka Banks,https://lumendatabase.org/notices/74765566
S2 2025,bojoko.com,39061204,2025-11-26,6,5,Alex Crutchfield,Alex Crutchfield,https://lumendatabase.org/notices/74765748
S2 2025,bojoko.com,38976977,2025-11-26,12,0,Mitchell Hill,Mitchell Hill,https://lumendatabase.org/notices/74757903
S2 2025,bojoko.ca,38754472,2025-11-26,17,0,Максим Маслов,Максим Маслов,https://lumendatabase.org/notices/74755003
S2 2025,bojoko.ca,38818350,2025-11-26,15,0,Michelle Thompson,Michelle Thompson,https://lumendatabase.org/notices/74767139
S2 2025,bojoko.ca,38844398,2025-11-26,18,0,Sharon Harrison,Sharon Harrison,https://lumendatabase.org/notices/74767950
S2 2025,bojoko.ca,38700432,2025-11-26,19,0,Ryan Nava,Ryan Nava,https://lumendatabase.org/notices/74756448
S2 2025,bojoko.ca,39174045,2025-11-26,17,0,Аня Мокрушина,Аня Мокрушина,https://lumendatabase.org/notices/74765924
S2 2025,bojoko.ca,38743071,2025-11-26,15,0,Amy Richards,Amy Richards,https://lumendatabase.org/notices/74754952
S2 2025,bojoko.ca,38880688,2025-11-26,15,0,Stephanie Shelton,Stephanie Shelton,https://lumendatabase.org/notices/74762739
S2 2025,bojoko.ca,38638716,2025-11-26,19,0,April Martin,April Martin,https://lumendatabase.org/notices/74759057
S2 2025,bojoko.ca,38744967,2025-11-26,9,0,Crystal Smith,Crystal Smith,https://lumendatabase.org/notices/74758946
S2 2025,mundodeportivo.com,38694554,2025-11-23,65,65,Leak Cleaner,Leak Cleaner,https://lumendatabase.org/notices/74557982
S2 2025,vringe.com,38952752,2025-11-21,4,2,April Arnold,April Arnold,https://lumendatabase.org/notices/74465759
S2 2025,vringe.com,39228020,2025-11-21,4,0,Andrew Holmes,Andrew Holmes,https://lumendatabase.org/notices/74476775
S2 2025,vringe.com,39214814,2025-11-21,7,5,Sarah Brown,Sarah Brown,https://lumendatabase.org/notices/74487004
S2 2025,vringe.com,39007728,2025-11-21,6,4,Kevin Fletcher,Kevin Fletcher,https://lumendatabase.org/notices/74478387
S2 2025,observador.pt,38508609,2025-11-17,1,0,OAAK Law Firm,Inês Vitale,https://lumendatabase.org/notices/74222182
S2 2025,mrfixitstips.co.uk,38360394,2025-11-17,46,0,ANADOLU EFES BİRACILIK VE MALT SANAYİİ A.Ş.,ANADOLU EFES BİRACILIK VE MALT SANAYİİ A.Ş.,https://lumendatabase.org/notices/74237897
S2 2025,footballwhispers.com,38222121,2025-11-15,7,0,Josh Staver,Josh Staver,https://lumendatabase.org/notices/74138293
S2 2025,footballwhispers.com,38219751,2025-11-15,6,0,Austin Ortiz,Austin Ortiz,https://lumendatabase.org/notices/74135845
S2 2025,footballwhispers.com,38235026,2025-11-15,7,0,Chi Rengo,Chi Rengo,https://lumendatabase.org/notices/74125606
S2 2025,footballwhispers.com,38525344,2025-11-15,7,0,Sandra Peck,Sandra Peck,https://lumendatabase.org/notices/74139345
S2 2025,footballwhispers.com,38254339,2025-11-15,4,0,Lorenzo Washington,Lorenzo Washington,https://lumendatabase.org/notices/74126649
S2 2025,footballwhispers.com,38206468,2025-11-15,7,0,Kevin Sherman,Kevin Sherman,https://lumendatabase.org/notices/74134163
S2 2025,footballwhispers.com,38352167,2025-11-15,4,0,Jenny Marschall,Jenny Marschall,https://lumendatabase.org/notices/74125619
S2 2025,footballwhispers.com,38444669,2025-11-15,4,0,Yiorgos Sova,Yiorgos Sova,https://lumendatabase.org/notices/74136687
S2 2025,footballwhispers.com,38251754,2025-11-15,4,0,Corey Cover,Corey Cover,https://lumendatabase.org/notices/74134288
S2 2025,vringe.com,38438496,2025-11-15,2,0,Mandy Champs,Mandy Champs,https://lumendatabase.org/notices/74136990
S2 2025,footballwhispers.com,38567717,2025-11-13,5,2,Дашка Плеханова,Дашка Плеханова,https://lumendatabase.org/notices/74033955
S2 2025,footballwhispers.com,38188910,2025-11-13,5,1,Юлия Ершова,Юлия Ершова,https://lumendatabase.org/notices/74024601
S2 2025,footballwhispers.com,38177946,2025-11-13,3,0,Diana Price,Diana Price,https://lumendatabase.org/notices/74024536
S2 2025,footballwhispers.com,38430214,2025-11-13,6,0,Erika Luna,Erika Luna,https://lumendatabase.org/notices/74029035
S2 2025,footballwhispers.com,38404080,2025-11-13,4,0,Bryce Laksana,Bryce Laksana,https://lumendatabase.org/notices/74016908
S2 2025,vringe.com,38177429,2025-11-13,6,0,Мария Казанцева,Мария Казанцева,https://lumendatabase.org/notices/74030970
S2 2025,vringe.com,38549356,2025-11-13,4,1,Роман Иванов,Роман Иванов,https://lumendatabase.org/notices/74033383
S2 2025,vringe.com,38525050,2025-11-13,6,2,Алина Константинова,Алина Константинова,https://lumendatabase.org/notices/74030634
S2 2025,vringe.com,38419841,2025-11-13,4,0,Kayla Roberts,Kayla Roberts,https://lumendatabase.org/notices/74029308
S2 2025,vringe.com,38344707,2025-11-13,7,0,Jessica Smith,Jessica Smith,https://lumendatabase.org/notices/74027196
S2 2025,vringe.com,38209556,2025-11-13,4,0,Петр Капитонов,Петр Капитонов,https://lumendatabase.org/notices/74020603
S2 2025,vringe.com,38306093,2025-11-13,5,1,Надя Смирнова,Надя Смирнова,https://lumendatabase.org/notices/74016333
S2 2025,vringe.com,38274564,2025-11-13,5,3,Катя Нестерова,Катя Нестерова,https://lumendatabase.org/notices/74021292
S2 2025,observador.pt,38265891,2025-11-12,1,0,IP Consult Group LLC,Maria Krueger,https://lumendatabase.org/notices/73990604
S2 2025,footballwhispers.com,38490291,2025-11-12,3,0,Colleen Jones,Colleen Jones,https://lumendatabase.org/notices/73952864
S2 2025,footballwhispers.com,38534792,2025-11-12,3,0,Joseph Johnson,Joseph Johnson,https://lumendatabase.org/notices/73948316
S2 2025,footballwhispers.com,38378608,2025-11-12,5,0,Amber Daniels,Amber Daniels,https://lumendatabase.org/notices/73949826
S2 2025,footballwhispers.com,38193752,2025-11-12,7,0,Kelly Atkins,Kelly Atkins,https://lumendatabase.org/notices/73949322
S2 2025,footballwhispers.com,38500545,2025-11-12,7,0,Timotea Galván,Timotea Galván,https://lumendatabase.org/notices/73949879
S2 2025,footballwhispers.com,38496546,2025-11-12,7,0,Michael Williams,Michael Williams,https://lumendatabase.org/notices/73952549
S2 2025,footballwhispers.com,38576595,2025-11-12,4,0,Theresa Lopez,Theresa Lopez,https://lumendatabase.org/notices/73948347
S2 2025,footballwhispers.com,38595479,2025-11-12,6,0,Shawn Season,Shawn Season,https://lumendatabase.org/notices/73949597
S2 2025,footballwhispers.com,38460103,2025-11-12,6,0,Олег Казаков,Олег Казаков,https://lumendatabase.org/notices/73950434
S2 2025,footballwhispers.com,38551504,2025-11-12,7,2,Анна Позднякова,Анна Позднякова,https://lumendatabase.org/notices/73948238
S2 2025,observador.pt,38416182,2025-11-10,1,0,Louis Fireison Law Office,Max Fournier,https://lumendatabase.org/notices/73897740
S2 2025,observador.pt,38301148,2025-11-10,1,0,OAAK Law Firm,Charles Huber,https://lumendatabase.org/notices/73898624
S2 2025,observador.pt,38255121,2025-11-10,1,0,Graham Ford Partners Co,Jennifer Martin,https://lumendatabase.org/notices/73890940
S2 2025,observador.pt,38556471,2025-11-10,1,0,Infringe Consult LLC,Julie Olofsson,https://lumendatabase.org/notices/73880885
S2 2025,observador.pt,38374687,2025-11-10,1,0,Graham Ford Partners Co,Elin Hill,https://lumendatabase.org/notices/73879332
S2 2025,footballwhispers.com,38350856,2025-11-10,7,0,Людмила Ефименко,Людмила Ефименко,https://lumendatabase.org/notices/73860173
S2 2025,footballwhispers.com,38364662,2025-11-10,4,0,Jen Bourque,Jen Bourque,https://lumendatabase.org/notices/73856974
S2 2025,footballwhispers.com,38189099,2025-11-10,7,0,Darance Hussein,Darance Hussein,https://lumendatabase.org/notices/73850464
S2 2025,footballwhispers.com,38523286,2025-11-10,5,0,Laura Turner,Laura Turner,https://lumendatabase.org/notices/73850091
S2 2025,vringe.com,38596861,2025-11-10,3,1,Костя Кожевников,Костя Кожевников,https://lumendatabase.org/notices/73859314
S2 2025,footballwhispers.com,38420609,2025-11-09,2,0,Jon Romney,Jon Romney,https://lumendatabase.org/notices/73820640
S2 2025,vringe.com,38571303,2025-11-09,5,2,Кристюша Некрасова,Кристюша Некрасова,https://lumendatabase.org/notices/73849875
S2 2025,vringe.com,38470222,2025-11-09,6,0,Mike Branch,Mike Branch,https://lumendatabase.org/notices/73853792
S2 2025,vringe.com,38325788,2025-11-09,3,0,Troy Harrison,Troy Harrison,https://lumendatabase.org/notices/73820357
S2 2025,vringe.com,38634688,2025-11-09,7,0,Jason Harris,Jason Harris,https://lumendatabase.org/notices/73819842
S2 2025,vringe.com,38175542,2025-11-09,5,0,Bernard Fulce,Bernard Fulce,https://lumendatabase.org/notices/73821846
S2 2025,vringe.com,38275309,2025-11-09,6,0,Роман Агапов,Роман Агапов,https://lumendatabase.org/notices/73821157
S2 2025,mrfixitstips.co.uk,38605585,2025-11-09,24,0,BALATACILAR BALATACILIK SANAYİ VE TİCARET A.Ş.,BALATACILAR BALATACILIK SANAYİ VE TİCARET A.Ş.,https://lumendatabase.org/notices/73852221
S2 2025,footballwhispers.com,38306538,2025-11-08,7,0,Robert Lane,Robert Lane,https://lumendatabase.org/notices/73811606
S2 2025,footballwhispers.com,38414721,2025-11-08,4,0,Chris Dente,Chris Dente,https://lumendatabase.org/notices/73813634
S2 2025,footballwhispers.com,38634886,2025-11-08,5,2,Жанибек Максимов,Жанибек Максимов,https://lumendatabase.org/notices/73811028
S2 2025,footballwhispers.com,38520800,2025-11-08,5,0,Denise Carter,Denise Carter,https://lumendatabase.org/notices/73814447
S2 2025,footballwhispers.com,38609285,2025-11-08,3,0,Maria Black,Maria Black,https://lumendatabase.org/notices/73816261
S2 2025,footballwhispers.com,38317419,2025-11-08,7,0,Jason Barlow,Jason Barlow,https://lumendatabase.org/notices/73814156
S2 2025,vringe.com,38435344,2025-11-08,7,0,Роза Антонова,Роза Антонова,https://lumendatabase.org/notices/73814174
S2 2025,vringe.com,38390196,2025-11-08,7,0,Jerome Scales,Jerome Scales,https://lumendatabase.org/notices/73812953
S2 2025,vringe.com,38487090,2025-11-08,6,0,Марина Агафонова,Марина Агафонова,https://lumendatabase.org/notices/73811625
S2 2025,observador.pt,38543675,2025-11-07,1,0,Louis Fireison Law Office,Michel Esposito,https://lumendatabase.org/notices/73769421
S2 2025,observador.pt,38244150,2025-11-07,1,0,IP Consult Group LLC,Kimberly Richter,https://lumendatabase.org/notices/73748021
S2 2025,observador.pt,38372752,2025-11-07,1,0,Lennox & Field Co,Oskar Jackson,https://lumendatabase.org/notices/73734968
S2 2025,observador.pt,38372227,2025-11-07,1,0,Grant and Voss LLP,James Michel,https://lumendatabase.org/notices/73740220
S2 2025,observador.pt,38476757,2025-11-07,1,0,Infringe Consult LLC,Oliver Hill,https://lumendatabase.org/notices/73736752
S2 2025,observador.pt,38526452,2025-11-07,1,0,Louis Fireison Law Office,Anna Clark,https://lumendatabase.org/notices/73730081
S2 2025,observador.pt,38056021,2025-11-04,1,0,IP Consult Group LLC,Ivy Evans,https://lumendatabase.org/notices/73611503
S2 2025,observador.pt,37925673,2025-11-04,1,0,Web DMCA,Alfie Mueller,https://lumendatabase.org/notices/73611929
S2 2025,observador.pt,37939949,2025-11-04,1,0,OAAK Law Firm,George White,https://lumendatabase.org/notices/73601766
S2 2025,observador.pt,38149261,2025-11-04,1,0,Lennox & Field Co,Giulia Greco,https://lumendatabase.org/notices/73603106
S2 2025,observador.pt,37957552,2025-11-04,1,0,OAAK Law Firm,Michel Perez,https://lumendatabase.org/notices/73606584
S2 2025,observador.pt,37884515,2025-11-04,1,0,Web DMCA,Ella Bertrand,https://lumendatabase.org/notices/73593025
S2 2025,observador.pt,38044426,2025-11-04,1,0,IP Consult Group LLC,Sandra Bauer,https://lumendatabase.org/notices/73596046
S2 2025,observador.pt,38166360,2025-11-04,1,0,IP Consult Group LLC,Sandra Bauer,https://lumendatabase.org/notices/73585959
S2 2025,mrfixitstips.co.uk,37992818,2025-11-04,28,3,AYEN ENERJİ A.Ş.,AYEN ENERJİ A.Ş.,https://lumendatabase.org/notices/73614796
S2 2025,mrfixitstips.co.uk,37926257,2025-11-02,18,0,ALKİM KAĞIT SANAYİ VE TİCARET A.Ş.,ALKİM KAĞIT SANAYİ VE TİCARET A.Ş.,https://lumendatabase.org/notices/73483387
S2 2025,observador.pt,37884332,2025-11-01,1,0,Louis Fireison Law Office,Marie Robert,https://lumendatabase.org/notices/73436939
S2 2025,observador.pt,38157692,2025-11-01,1,0,Louis Fireison Law Office,Ashley Thomas,https://lumendatabase.org/notices/73444269
S2 2025,observador.pt,38055597,2025-10-31,1,0,OAAK Law Firm,Wolfgang Mueller,https://lumendatabase.org/notices/73418086
S2 2025,observador.pt,38099051,2025-10-30,1,0,Louis Fireison Law Office,Filipe Giordano,https://lumendatabase.org/notices/73356616
S2 2025,observador.pt,38139799,2025-10-30,1,0,Louis Fireison Law Office,Inês Vitale,https://lumendatabase.org/notices/73356256
S2 2025,observador.pt,38125715,2025-10-30,1,0,Grant and Voss LLP,Inês Vitale,https://lumendatabase.org/notices/73357734
S2 2025,observador.pt,37983043,2025-10-29,1,0,Louis Fireison Law Office,Filipe Giordano,https://lumendatabase.org/notices/73348281
S2 2025,vringe.com,37922045,2025-10-29,81,34,Linkbusters,Linkbusters,https://lumendatabase.org/notices/73343926
S2 2025,observador.pt,38140156,2025-10-27,2,0,Benett Enterprises,Benett Enterprises,https://lumendatabase.org/notices/73242568
S2 2025,observador.pt,37844135,2025-10-26,2,0,Hayes Enterprises,Hayes Enterprises,https://lumendatabase.org/notices/73208391
S2 2025,observador.pt,37852433,2025-10-26,2,0,Hernandez Enterprises,Hernandez Enterprises,https://lumendatabase.org/notices/73191518
S2 2025,observador.pt,37781008,2025-10-24,1,0,OAAK Law Firm,Inês Vitale,https://lumendatabase.org/notices/73146737
S2 2025,observador.pt,37804208,2025-10-24,1,0,NAC Digital Partners,NAC Digital Partners,https://lumendatabase.org/notices/73151368
S2 2025,observador.pt,37811304,2025-10-24,1,0,Graham Ford Partners Co,Filipe Giordano,https://lumendatabase.org/notices/73127112
S2 2025,observador.pt,37755405,2025-10-24,1,0,WEB DMCA LLC,Filipe Giordano,https://lumendatabase.org/notices/73113411
S2 2025,observador.pt,37853290,2025-10-23,1,0,Halbrook & Sons Co,Filipe Giordano,https://lumendatabase.org/notices/73104092
S2 2025,observador.pt,37738148,2025-10-23,1,0,IP Consult Group LLC,Inês Vitale,https://lumendatabase.org/notices/73098091
S2 2025,observador.pt,37863541,2025-10-23,1,0,WEB DMCA LLC,Filipe Giordano,https://lumendatabase.org/notices/73066562
S2 2025,observador.pt,37772100,2025-10-23,1,0,OAAK Law Firm,Inês Vitale,https://lumendatabase.org/notices/73068272
S2 2025,mrfixitstips.co.uk,37831310,2025-10-23,25,0,AKÇA KİMYEVİ MADDELER NAKLİYAT TİCARET VE SANAYİ A.Ş.,AKÇA KİMYEVİ MADDELER NAKLİYAT TİCARET VE SANAYİ A.Ş.,https://lumendatabase.org/notices/73103928
S2 2025,mrfixitstips.co.uk,37861112,2025-10-22,14,0,DORUK FAKTORİNG A.Ş.,DORUK FAKTORİNG A.Ş.,https://lumendatabase.org/notices/73045286
S2 2025,observador.pt,37667484,2025-10-19,1,0,Louis Fireison Law Office,Julian Hayes,https://lumendatabase.org/notices/72912295
S2 2025,observador.pt,37638354,2025-10-19,1,0,Louis Fireison Law Office,Julian Hayes,https://lumendatabase.org/notices/72912506
S2 2025,observador.pt,37187571,2025-10-08,1,0,OAAK Law Firm,Julian Hayes,https://lumendatabase.org/notices/72349176
S2 2025,observador.pt,37263566,2025-10-08,1,0,OAAK Law Firm,Julian Hayes,https://lumendatabase.org/notices/72353383
S2 2025,mundodeportivo.com,37051322,2025-10-06,806,621,Advogado Joao Victor de Oliveira Rego,leticia vargas,https://lumendatabase.org/notices/72177562
S2 2025,mundodeportivo.com,37101154,2025-10-05,41,14,MyMedia Agency,Lucia Javorcekova,https://lumendatabase.org/notices/72160952
S2 2025,observador.pt,36863621,2025-10-02,21,0,Era Media International,Era Media International,https://lumendatabase.org/notices/72016500
S2 2025,observador.pt,36941845,2025-10-01,3,0,Tessa Entrepresis,Tessa Entrepresis,https://lumendatabase.org/notices/71983326
S2 2025,observador.pt,36861134,2025-09-30,3,0,Hardman Entrepresis,Hardman Entrepresis,https://lumendatabase.org/notices/71941827
S2 2025,observador.pt,35607753,2025-09-13,1,0,Grant Entrepresis,Grant Entrepresis,https://lumendatabase.org/notices/71163828
S2 2025,observador.pt,34606507,2025-09-13,1,0,Collins Entrepresis,Collins Entrepresis,https://lumendatabase.org/notices/71135346
S2 2025,observador.pt,33668984,2025-09-11,3,0,Davis Entrepresis,Davis Entrepresis,https://lumendatabase.org/notices/67525907
S2 2025,observador.pt,33699828,2025-09-11,3,0,Donovan Entrepresis,Donovan Entrepresis,https://lumendatabase.org/notices/67584567
S2 2025,observador.pt,35200670,2025-09-07,1,0,Briggs Entrepresis,Briggs Entrepresis,https://lumendatabase.org/notices/66638980
S2 2025,observador.pt,35672477,2025-09-05,14,0,English Media Networks,English Media Networks,https://lumendatabase.org/notices/65629037
S2 2025,observador.pt,35225098,2025-09-01,11,0,Smith & Co. Cooperation,Smith & Co. Cooperation,https://lumendatabase.org/notices/64789789
S2 2025,alairelibre.cl,32223756,2025-09-01,246,108,MyMedia Agency,Lucia Javorcekova,https://lumendatabase.org/notices/65088480
S2 2025,observador.pt,36325407,2025-08-29,2,0,Cavillers Media Networks,Cavillers Media Networks,https://lumendatabase.org/notices/64542067
S2 2025,footballwhispers.com,34532715,2025-08-28,7,1,Cassandra Cassandra Anderson,Cassandra Cassandra Anderson,https://lumendatabase.org/notices/64597853
S2 2025,footballwhispers.com,33443931,2025-08-28,5,1,Michael Michael Kegg,Michael Michael Kegg,https://lumendatabase.org/notices/64121180
S2 2025,footballwhispers.com,34909972,2025-08-28,6,1,Randy Randy Bejang,Randy Randy Bejang,https://lumendatabase.org/notices/64657070
S2 2025,vringe.com,34855608,2025-07-22,4,1,James James Burns,James James Burns,https://lumendatabase.org/notices/54719977
S2 2025,vringe.com,35688643,2025-07-22,4,2,Meghan Meghan Datbadbz,Meghan Meghan Datbadbz,https://lumendatabase.org/notices/54720092
S2 2025,footballwhispers.com,31896725,2025-07-06,5,1,Michelle Michelle Hernandez,Michelle Michelle Hernandez,https://lumendatabase.org/notices/54067403
S2 2025,footballwhispers.com,33940351,2025-07-06,2,0,Emmanuel Emmanuel Aviles,Emmanuel Emmanuel Aviles,https://lumendatabase.org/notices/54078969
S1 2025,mundodeportivo.com,32514970,2025-06-11,415,408,Leak Cleaner,Leak Cleaner,https://lumendatabase.org/notices/53043258
S1 2025,mundodeportivo.com,33560609,2025-06-10,621,619,Leak Cleaner,Leak Cleaner,https://lumendatabase.org/notices/53019165
S1 2025,mundodeportivo.com,33560670,2025-05-28,82,73,Jonan Wiergo,Jonan Wiergo,https://lumendatabase.org/notices/52196713
S1 2025,alairelibre.cl,35061552,2025-05-21,643,397,mikayla demaiter,Mikayla Demaiter,https://lumendatabase.org/notices/52287058
S1 2025,mundodeportivo.com,33225896,2025-05-20,30,19,Alina Rose,Alina Rose,https://lumendatabase.org/notices/52396609
S1 2025,footballwhispers.com,32836475,2025-05-16,26,4,King.rs,King.rs,https://lumendatabase.org/notices/52064493
S1 2025,mundodeportivo.com,35952161,2025-05-09,718,645,Traqeer,Edgar Cerro,https://lumendatabase.org/notices/51831296
S1 2025,mundodeportivo.com,32823872,2025-05-02,30,0,Alina Rose,Alina Rose,https://lumendatabase.org/notices/51514600
S1 2025,mundodeportivo.com,35203041,2025-04-30,39,0,Alina Rose,Alina Rose,https://lumendatabase.org/notices/51442975
S1 2025,mundodeportivo.com,32099189,2025-04-28,212,199,Traqeer,Edgar Cerro,https://lumendatabase.org/notices/51396942
S1 2025,mundodeportivo.com,36362605,2025-04-15,2934,989,Remove Your Media LLC,Viz Media LLC,https://lumendatabase.org/notices/50948447
S1 2025,mundodeportivo.com,31549440,2025-04-01,76,71,Leak Cleaner,Leak Cleaner,https://lumendatabase.org/notices/50485997
S1 2025,mundodeportivo.com,31446537,2025-03-27,171,160,Leak Cleaner,Leak Cleaner,https://lumendatabase.org/notices/50348566
S1 2025,mundodeportivo.com,31348160,2025-03-23,440,436,Leak Cleaner,Leak Cleaner,https://lumendatabase.org/notices/50199203
S1 2025,mundodeportivo.com,31178615,2025-03-15,89,86,RemoveLabs GmbH,RemoveLabs GmbH,https://lumendatabase.org/notices/49954334
S1 2025,mundodeportivo.com,31145599,2025-03-13,174,145,Leak Cleaner,Leak Cleaner,https://lumendatabase.org/notices/49906741
S1 2025,vringe.com,31106838,2025-03-13,43,0,LinkBusters,LinkBusters,https://lumendatabase.org/notices/49881237
S1 2025,mundodeportivo.com,30928613,2025-03-06,110,107,Leak Cleaner,Leak Cleaner,https://lumendatabase.org/notices/49659291
S1 2025,mundodeportivo.com,30849270,2025-03-03,207,203,Leak Cleaner,Leak Cleaner,https://lumendatabase.org/notices/55473800
S1 2025,mundodeportivo.com,30676959,2025-02-25,20,0,Alina Rose,Alina Rose,https://lumendatabase.org/notices/49343533
S1 2025,mundodeportivo.com,30694126,2025-02-23,25,0,Alina Rose,Alina Rose,https://lumendatabase.org/notices/49289164
S1 2025,mundodeportivo.com,30609202,2025-02-21,853,843,Darja Sobakinskaja,Darja Sobakinskaja,https://lumendatabase.org/notices/49238132
S1 2025,mundodeportivo.com,30609592,2025-02-21,17,0,Alina Rose,Alina Rose,https://lumendatabase.org/notices/49234705
S1 2025,mundodeportivo.com,30602458,2025-02-20,343,336,Leak Cleaner,Leak Cleaner,https://lumendatabase.org/notices/49193761
S1 2025,mundodeportivo.com,30509805,2025-02-18,20,0,Alina Rose,Alina Rose,https://lumendatabase.org/notices/49139143
S1 2025,mundodeportivo.com,30415996,2025-02-13,68,63,RemoveLabs GmbH,RemoveLabs GmbH,https://lumendatabase.org/notices/49015497
S1 2025,mundodeportivo.com,30286513,2025-02-06,246,0,Dmca,RainHearts,https://lumendatabase.org/notices/48818598
S1 2025,mundodeportivo.com,30269604,2025-02-05,281,268,Leak Cleaner,Leak Cleaner,https://lumendatabase.org/notices/48791708
S1 2025,mundodeportivo.com,30253002,2025-02-05,476,0,Dmca,RainHearts,https://lumendatabase.org/notices/48787114
S1 2025,vringe.com,30230713,2025-02-04,59,0,LinkBusters,LinkBusters,https://lumendatabase.org/notices/48744179
S1 2025,mundodeportivo.com,29920407,2025-01-23,52,2,Leaks Protection,sophie rain,https://lumendatabase.org/notices/48350160
S1 2025,mundodeportivo.com,29890972,2025-01-23,9927,2932,Remove Your Media LLC,"NBA Properties, Inc.",https://lumendatabase.org/notices/48332220
S1 2025,mundodeportivo.com,29875422,2025-01-21,134,125,SimpleDMCA,KatianaKay,https://lumendatabase.org/notices/48289660
S1 2025,mundodeportivo.com,29707256,2025-01-18,486,320,SimpleDMCA,Katianakayfree,https://lumendatabase.org/notices/48071115
S1 2025,mundodeportivo.com,29706482,2025-01-14,167,156,SimpleDMCA,KatianaKay,https://lumendatabase.org/notices/48081215
S1 2025,mundodeportivo.com,29654262,2025-01-12,56,52,Leak Cleaner,Leak Cleaner,https://lumendatabase.org/notices/55383264
S1 2025,mundodeportivo.com,29651505,2025-01-12,297,286,Leak Cleaner,Leak Cleaner,https://lumendatabase.org/notices/48024495
S1 2025,mundodeportivo.com,29644352,2025-01-09,124,111,SimpleDMCA,KatianaKay,https://lumendatabase.org/notices/47923500
S1 2025,mundodeportivo.com,29386443,2025-01-03,31,0,𝙄𝙯𝙖𝙗𝙚𝙡𝙡𝙖 𝘽𝙡𝙖𝙞𝙧,𝙄𝙯𝙖𝙗𝙚𝙡𝙡𝙖 𝘽𝙡𝙖𝙞𝙧,https://lumendatabase.org/notices/47722758
S1 2025,soccernet.ng,29400544,2025-01-03,6167,2042,Remove Your Media LLC,"NBA Properties, Inc.",https://lumendatabase.org/notices/47716137
S2 2024,vringe.com,29319521,2024-12-30,66,52,Mass Media group,Mass Media group,https://lumendatabase.org/notices/47597319
S2 2024,mundodeportivo.com,29205865,2024-12-25,30,0,𝙄𝙯𝙖𝙗𝙚𝙡𝙡𝙖 𝘽𝙡𝙖𝙞𝙧,𝙄𝙯𝙖𝙗𝙚𝙡𝙡𝙖 𝘽𝙡𝙖𝙞𝙧,https://lumendatabase.org/notices/47476007
S2 2024,vringe.com,29176144,2024-12-24,185,0,LinkBusters,LinkBusters,https://lumendatabase.org/notices/47458542
S2 2024,mundodeportivo.com,29143250,2024-12-23,24,0,Sophie Rain,sophie rain,https://lumendatabase.org/notices/47415450
S2 2024,mundodeportivo.com,29056506,2024-12-18,443,357,Leak Cleaner,Leak Cleaner,https://lumendatabase.org/notices/47300351
S2 2024,mundodeportivo.com,28997396,2024-12-17,26,0,Sophie Rain,sophie rain,https://lumendatabase.org/notices/47247529
S2 2024,mundodeportivo.com,29018162,2024-12-17,26,0,Sophie Rain,sophie rain,https://lumendatabase.org/notices/47247309
S2 2024,mundodeportivo.com,29000541,2024-12-16,84,81,Leak Cleaner,Leak Cleaner,https://lumendatabase.org/notices/47240138
S2 2024,mundodeportivo.com,28932861,2024-12-12,80,63,Leak Cleaner,Leak Cleaner,https://lumendatabase.org/notices/55471058
S2 2024,mundodeportivo.com,28910696,2024-12-11,139,122,Leak Cleaner,Leak Cleaner,https://lumendatabase.org/notices/47113716
S2 2024,mundodeportivo.com,28875988,2024-12-11,26,0,Sophie Rain,sophie rain,https://lumendatabase.org/notices/47086776
S2 2024,mundodeportivo.com,28883050,2024-12-11,23,0,Sophie Rain,sophie rain,https://lumendatabase.org/notices/47086943
S2 2024,mundodeportivo.com,28887288,2024-12-11,126,114,Leak Cleaner,Leak Cleaner,https://lumendatabase.org/notices/47084429
S2 2024,mundodeportivo.com,28740012,2024-12-10,24,0,Sophie Rain,sophie rain,https://lumendatabase.org/notices/47056140
S2 2024,mundodeportivo.com,28811824,2024-12-09,48,42,Leak Cleaner,Leak Cleaner,https://lumendatabase.org/notices/47028811
S2 2024,vringe.com,28874401,2024-12-08,135,0,LinkBusters,LinkBusters,https://lumendatabase.org/notices/46997809
S2 2024,mundodeportivo.com,28744781,2024-12-05,196,193,Leak Cleaner,Leak Cleaner,https://lumendatabase.org/notices/46942016
S2 2024,mundodeportivo.com,28815906,2024-12-05,66,61,Leak Cleaner,Leak Cleaner,https://lumendatabase.org/notices/55091590
S2 2024,vringe.com,28835379,2024-12-05,60,0,LinkBusters,LinkBusters,https://lumendatabase.org/notices/46933376
S2 2024,mundodeportivo.com,28682935,2024-12-01,220,216,Leak Cleaner,Leak Cleaner,https://lumendatabase.org/notices/46798955
S2 2024,mundodeportivo.com,28590333,2024-11-28,276,182,Privacy Removals LImited,Vanessa sierra,https://lumendatabase.org/notices/46706316
S2 2024,mundodeportivo.com,28550418,2024-11-27,207,203,Leak Cleaner,Leak Cleaner,https://lumendatabase.org/notices/55162840
S2 2024,mundodeportivo.com,28421726,2024-11-19,24,0,Alina Rose,Alina Rose,https://lumendatabase.org/notices/46450654
S2 2024,mundodeportivo.com,28345257,2024-11-16,356,333,Leak Cleaner,Leak Cleaner,https://lumendatabase.org/notices/46371707
S2 2024,vringe.com,28352809,2024-11-16,2,0,Betlix,Betlix,https://lumendatabase.org/notices/46378145
S2 2024,mundodeportivo.com,28325034,2024-11-12,12,11,Rulta OU,la joaqui,https://lumendatabase.org/notices/46245097
S2 2024,mundodeportivo.com,28272728,2024-11-12,731,269,Rulta OU,corinna,https://lumendatabase.org/notices/46245181
S2 2024,mundodeportivo.com,28296276,2024-11-12,64,55,Rulta OU,Aishah Sofey,https://lumendatabase.org/notices/46244697
S2 2024,mundodeportivo.com,28212379,2024-11-12,7,4,Rulta OU,paigevanzant,https://lumendatabase.org/notices/46243091
S2 2024,mundodeportivo.com,28215741,2024-11-12,1,0,Rulta OU,dua lupe,https://lumendatabase.org/notices/46240606
S2 2024,mundodeportivo.com,28209765,2024-11-12,76,64,Leak Cleaner,Leak Cleaner,https://lumendatabase.org/notices/46235224
S2 2024,mundodeportivo.com,28157443,2024-11-09,108,102,Leak Cleaner,Leak Cleaner,https://lumendatabase.org/notices/46175135
S2 2024,mundodeportivo.com,28071917,2024-11-03,64,60,Leak Cleaner,Leak Cleaner,https://lumendatabase.org/notices/45929551
S2 2024,mundodeportivo.com,28021831,2024-11-01,215,73,Privacy Removals LImited,Vanessa sierra,https://lumendatabase.org/notices/45869869
S2 2024,mundodeportivo.com,27805764,2024-10-27,55,37,Leak Cleaner,Leak Cleaner,https://lumendatabase.org/notices/45737007
S2 2024,mundodeportivo.com,27732115,2024-10-25,34,31,Leak Cleaner,Leak Cleaner,https://lumendatabase.org/notices/45699376
S2 2024,mundodeportivo.com,27913283,2024-10-18,379,361,Traqeer,Alina Becker,https://lumendatabase.org/notices/45501806
S2 2024,mundodeportivo.com,27623641,2024-10-14,10,6,Leak Cleaner,Leak Cleaner,https://lumendatabase.org/notices/45404016
S2 2024,mundodeportivo.com,27496907,2024-10-08,21,0,Sophie Rain,sophie rain,https://lumendatabase.org/notices/45252663
S2 2024,topmercato.com,26115477,2024-09-25,1118,245,LockLeaks,BANDITAA,https://lumendatabase.org/notices/43577517
S2 2024,mundodeportivo.com,27195638,2024-09-23,396,217,Bruqi OÜ,ericafontaine,https://lumendatabase.org/notices/44858332
S2 2024,topmercato.com,27030220,2024-09-17,1,0,Positive Celebrity Gossip’s,Positive Celebrity Gossip’s,https://lumendatabase.org/notices/44684410
S2 2024,mundodeportivo.com,26957612,2024-09-14,29,10,Leak Cleaner,Leak Cleaner,https://lumendatabase.org/notices/44693735
S2 2024,mundodeportivo.com,26702847,2024-09-04,27,23,Leak Cleaner,Leak Cleaner,https://lumendatabase.org/notices/44317346
S2 2024,topmercato.com,26141249,2024-09-03,1133,236,LockLeaks,BANDITAA,https://lumendatabase.org/notices/43642216
S2 2024,mundodeportivo.com,26532133,2024-08-26,212,208,Leak Cleaner,Leak Cleaner,https://lumendatabase.org/notices/44097381
S2 2024,mundodeportivo.com,26422497,2024-08-20,43,37,Bruqi OÜ,ericafontaine,https://lumendatabase.org/notices/43958123
S2 2024,mundodeportivo.com,26283783,2024-08-13,371,259,Privacy Removals LImited,Vanessa sierra,https://lumendatabase.org/notices/43781651
S2 2024,topmercato.com,26164954,2024-08-06,1146,242,LockLeaks,BANDITAA,https://lumendatabase.org/notices/43607575
S2 2024,topmercato.com,26093860,2024-08-04,1130,264,LockLeaks,BANDITAA,https://lumendatabase.org/notices/43555708
S2 2024,mundodeportivo.com,26023962,2024-07-31,959,341,Bruqi OÜ,ericafontaine,https://lumendatabase.org/notices/43470741
S2 2024,mundodeportivo.com,25611603,2024-07-12,104,85,Bruqi OÜ,ericafontaine,https://lumendatabase.org/notices/42994670
S2 2024,mundodeportivo.com,25361858,2024-07-01,974,908,Privacy Removals Limited,Vanessa sierra,https://lumendatabase.org/notices/42728546
S2 2024,mrfixitstips.co.uk,25490835,2024-07-01,373,369,Ceartas DMCA,Ruby onyx,https://lumendatabase.org/notices/42715803
S1 2024,observador.pt,25340239,2024-06-25,2,0,Red Points Solutions SL,Hearst Magazines SL,https://lumendatabase.org/notices/42570342
S1 2024,observador.pt,25305257,2024-06-24,13,0,Shannon Chittarat,Shannon Chittarat,https://lumendatabase.org/notices/42548993
S1 2024,observador.pt,25273205,2024-06-24,33,0,Dan Vesci,Dan Vesci,https://lumendatabase.org/notices/42546968
S1 2024,footballwhispers.com,25399291,2024-06-24,46,0,Ashley Johnson,Ashley Johnson,https://lumendatabase.org/notices/42548842
S1 2024,footballwhispers.com,25532285,2024-06-24,36,1,Renee Bridgers,Renee Bridgers,https://lumendatabase.org/notices/42547126
S1 2024,footballwhispers.com,25273205,2024-06-24,33,0,Dan Vesci,Dan Vesci,https://lumendatabase.org/notices/42546968
S1 2024,footballwhispers.com,25496107,2024-06-24,52,0,Charles Molnar,Charles Molnar,https://lumendatabase.org/notices/42546977
S1 2024,observador.pt,25221621,2024-06-23,53,0,Adam Eidenschink,Adam Eidenschink,https://lumendatabase.org/notices/42526068
S1 2024,observador.pt,25246613,2024-06-23,37,0,Clint Berlalu,Clint Berlalu,https://lumendatabase.org/notices/42525510
S1 2024,observador.pt,25239653,2024-06-23,27,2,Shashi Thornell,Shashi Thornell,https://lumendatabase.org/notices/42520858
S1 2024,observador.pt,25241486,2024-06-23,43,0,Travis Duncan,Travis Duncan,https://lumendatabase.org/notices/42519679
S1 2024,observador.pt,25221807,2024-06-23,45,0,Derrick Rajput,Derrick Rajput,https://lumendatabase.org/notices/42520125
S1 2024,observador.pt,25246391,2024-06-23,50,3,Roberta Park,Roberta Park,https://lumendatabase.org/notices/42521244
S1 2024,observador.pt,25248924,2024-06-23,22,0,Lupita Williams,Lupita Williams,https://lumendatabase.org/notices/42521420
S1 2024,observador.pt,25253151,2024-06-23,51,0,Marc Ruckoldt,Marc Ruckoldt,https://lumendatabase.org/notices/42520269
S1 2024,observador.pt,25225460,2024-06-23,54,0,Jessica Guadalupe,Jessica Guadalupe,https://lumendatabase.org/notices/42520803
S1 2024,observador.pt,25236030,2024-06-23,48,0,Shelly Hancock,Shelly Hancock,https://lumendatabase.org/notices/42520019
S1 2024,observador.pt,25228793,2024-06-23,43,0,Melanie Chavez,Melanie Chavez,https://lumendatabase.org/notices/42519457
S1 2024,footballwhispers.com,25227258,2024-06-23,35,0,Karen Lane,Karen Lane,https://lumendatabase.org/notices/42519406
S1 2024,footballwhispers.com,25245950,2024-06-23,49,3,Heather Rakhi,Heather Rakhi,https://lumendatabase.org/notices/42519409
S1 2024,footballwhispers.com,25217121,2024-06-23,49,1,Matt Malone,Matt Malone,https://lumendatabase.org/notices/42520748
S1 2024,footballwhispers.com,25246019,2024-06-23,47,0,Chris Breaux,Chris Breaux,https://lumendatabase.org/notices/42521192
S1 2024,footballwhispers.com,25225460,2024-06-23,54,0,Jessica Guadalupe,Jessica Guadalupe,https://lumendatabase.org/notices/42520803
S1 2024,footballwhispers.com,25236030,2024-06-23,48,0,Shelly Hancock,Shelly Hancock,https://lumendatabase.org/notices/42520019
S1 2024,footballwhispers.com,25231517,2024-06-23,47,0,Jessica Allen,Jessica Allen,https://lumendatabase.org/notices/42519711
S1 2024,footballwhispers.com,25253057,2024-06-23,42,0,Angela Zauner,Angela Zauner,https://lumendatabase.org/notices/42520837
S1 2024,footballwhispers.com,25228250,2024-06-23,33,8,Robert Hales,Robert Hales,https://lumendatabase.org/notices/42519545
S1 2024,observador.pt,25235106,2024-06-22,16,0,Julie Lynn,Julie Lynn,https://lumendatabase.org/notices/42493885
S1 2024,observador.pt,25221900,2024-06-22,48,10,Francesca Johnson,Francesca Johnson,https://lumendatabase.org/notices/42494265
S1 2024,observador.pt,25198598,2024-06-22,33,1,Anthony Mantis,Anthony Mantis,https://lumendatabase.org/notices/42491418
S1 2024,observador.pt,25246622,2024-06-22,53,6,Tonya Hall,Tonya Hall,https://lumendatabase.org/notices/42489868
S1 2024,observador.pt,25195005,2024-06-22,22,0,Stephanie Bond,Stephanie Bond,https://lumendatabase.org/notices/42492494
S1 2024,observador.pt,25210825,2024-06-22,53,8,Bryan Cabot,Bryan Cabot,https://lumendatabase.org/notices/42489910
S1 2024,observador.pt,25229570,2024-06-22,52,0,Holly Lynn,Holly Lynn,https://lumendatabase.org/notices/42492617
S1 2024,observador.pt,25250560,2024-06-22,25,6,Matthew Sterling,Matthew Sterling,https://lumendatabase.org/notices/42489870
S1 2024,footballwhispers.com,25233239,2024-06-22,43,6,Cheryl Rivera,Cheryl Rivera,https://lumendatabase.org/notices/42496627
S1 2024,footballwhispers.com,25233534,2024-06-22,38,1,Kathy Pearson,Kathy Pearson,https://lumendatabase.org/notices/42494599
S1 2024,footballwhispers.com,25239531,2024-06-22,22,10,Monica Rowe,Monica Rowe,https://lumendatabase.org/notices/42494573
S1 2024,footballwhispers.com,25240011,2024-06-22,13,3,Ivette Volta,Ivette Volta,https://lumendatabase.org/notices/42495603
S1 2024,footballwhispers.com,25215658,2024-06-22,47,4,Bridget Allen,Bridget Allen,https://lumendatabase.org/notices/42495123
S1 2024,footballwhispers.com,25227303,2024-06-22,41,4,Michelle Roberts,Michelle Roberts,https://lumendatabase.org/notices/42494471
S1 2024,footballwhispers.com,25244284,2024-06-22,52,14,Ashley Cunningham,Ashley Cunningham,https://lumendatabase.org/notices/42493120
S1 2024,footballwhispers.com,25241508,2024-06-22,55,0,Angela Xiang,Angela Xiang,https://lumendatabase.org/notices/42490111
S1 2024,footballwhispers.com,25246622,2024-06-22,53,6,Tonya Hall,Tonya Hall,https://lumendatabase.org/notices/42489868
S1 2024,footballwhispers.com,25241139,2024-06-22,55,16,Janet Fritz,Janet Fritz,https://lumendatabase.org/notices/42489917
S1 2024,footballwhispers.com,25231924,2024-06-22,17,0,Will Rico,Will Rico,https://lumendatabase.org/notices/42493332
S1 2024,footballwhispers.com,25206539,2024-06-22,27,0,Charlene Robbins,Charlene Robbins,https://lumendatabase.org/notices/42490116
S1 2024,footballwhispers.com,25207530,2024-06-22,35,0,Kelly Brewer,Kelly Brewer,https://lumendatabase.org/notices/42490304
S1 2024,footballwhispers.com,25199472,2024-06-22,41,3,Amy Dillard,Amy Dillard,https://lumendatabase.org/notices/42492539
S1 2024,footballwhispers.com,25209010,2024-06-22,39,15,Katherine Lee,Katherine Lee,https://lumendatabase.org/notices/42489924
S1 2024,footballwhispers.com,25203112,2024-06-22,29,3,Donnell Diggs,Donnell Diggs,https://lumendatabase.org/notices/42490002
S1 2024,footballwhispers.com,25199407,2024-06-22,30,0,Trey Garza,Trey Garza,https://lumendatabase.org/notices/42490719
S1 2024,footballwhispers.com,25205775,2024-06-22,46,14,David Hoelzle,David Hoelzle,https://lumendatabase.org/notices/42491636
S1 2024,footballwhispers.com,25250774,2024-06-22,27,6,Cynthia Davis,Cynthia Davis,https://lumendatabase.org/notices/42490739
S1 2024,sportsmole.co.uk,24713875,2024-05-28,9993,9486,Marefeat Ltd,"Dreamroom Productions, Inc",https://lumendatabase.org/notices/41868588
S1 2024,trivela.com.br,24386950,2024-05-12,579,538,MyMedia Agency,LIGUE 1,https://lumendatabase.org/notices/41474480
S1 2024,premierleaguebrasil.com.br,24386950,2024-05-12,579,538,MyMedia Agency,LIGUE 1,https://lumendatabase.org/notices/41474480
S1 2024,trivela.com.br,24383381,2024-05-11,81,50,MyMedia Agency,LIGUE 1,https://lumendatabase.org/notices/41462643
S1 2024,premierleaguebrasil.com.br,24383381,2024-05-11,81,50,MyMedia Agency,LIGUE 1,https://lumendatabase.org/notices/41462643
S1 2024,sportsmole.co.uk,24358090,2024-05-09,9957,6616,Marefeat Ltd,"Dreamroom Productions, Inc",https://lumendatabase.org/notices/55132697
S1 2024,mundodeportivo.com,22589713,2024-02-06,274,244,The Takedown,Danii Banks,https://lumendatabase.org/notices/39250300
S2 2023,vringe.com,21761939,2023-12-22,3,0,Okko,Okko,https://lumendatabase.org/notices/38302515
S2 2023,mundodeportivo.com,21636538,2023-12-16,69,18,RemoveLabs,Astridwett,https://lumendatabase.org/notices/38130065
S2 2023,mundodeportivo.com,21457923,2023-12-05,55,15,RemoveLabs,Astridwett,https://lumendatabase.org/notices/37908599
S2 2023,mundodeportivo.com,20967934,2023-11-10,444,94,Group-IB,ООО «Иви.ру»,https://lumendatabase.org/notices/37328547
S2 2023,mundodeportivo.com,20508659,2023-10-17,168,0,Peter Miller,Peter Miller,https://lumendatabase.org/notices/36785907
S2 2023,mundodeportivo.com,20406012,2023-10-13,102,79,mikayla demaiter,Mikayla Demaiter,https://lumendatabase.org/notices/36690308
S2 2023,mundodeportivo.com,20099719,2023-09-26,118,115,Bruqi OU,Annaceleste,https://lumendatabase.org/notices/36333023
S2 2023,mundodeportivo.com,19997693,2023-09-21,22,18,Arsenic,Business Manager,https://lumendatabase.org/notices/36232997
S2 2023,mundodeportivo.com,19790171,2023-09-11,189,108,mikayla demaiter,Mikayla Demaiter,https://lumendatabase.org/notices/35997040
S1 2023,mundodeportivo.com,18298665,2023-05-31,996,241,DMCA,dmca,https://lumendatabase.org/notices/34259694
S1 2023,alairelibre.cl,18237102,2023-05-26,43,6,Hemingways Solicitors Limited,Miss Harriet Robson,https://lumendatabase.org/notices/34185937
S1 2023,trivela.com.br,17706027,2023-04-20,1,0,Даниил Сухроб Тарара Илиев,Даниил Сухроб Тарара Илиев,https://lumendatabase.org/notices/33580454
S1 2023,footballwhispers.com,17714886,2023-04-20,1,0,Даниил Сухроб Тарара Илиев,Даниил Сухроб Тарара Илиев,https://lumendatabase.org/notices/33581071
S1 2023,footballwhispers.com,17723273,2023-04-20,1,0,Даниил Сухроб Тарара Илиев,Даниил Сухроб Тарара Илиев,https://lumendatabase.org/notices/33579506
S1 2023,footballwhispers.com,17628580,2023-04-13,1,0,Нина Фомина,Нина Фомина,https://lumendatabase.org/notices/33475741
S1 2023,sportsmole.co.uk,17539594,2023-04-06,13,11,"Irdeto USA, Inc.",The Confederación Sudamericana de Fútbol,https://lumendatabase.org/notices/33367924
S1 2023,alairelibre.cl,17368646,2023-03-24,484,0,Hemingways Solicitors Limited,Miss Harriet Robson,https://lumendatabase.org/notices/33160407
S1 2023,premierleaguebrasil.com.br,17166640,2023-03-06,1,0,PremierleagueBrasil,PremierleagueBrasil,https://lumendatabase.org/notices/32853318
S1 2023,premierleaguebrasil.com.br,17167551,2023-03-06,1,0,North Star Network,North Star Network,https://lumendatabase.org/notices/32853326
S1 2023,sportsmole.co.uk,16792949,2023-02-03,1497,953,DMCA Piracy Prevention Inc,Jamie Jones,https://lumendatabase.org/notices/30567499
S1 2023,mundodeportivo.com,16555715,2023-01-14,41,20,GEDOSAL,CEDRO,https://lumendatabase.org/notices/30302245
S2 2022,mundodeportivo.com,15744597,2022-10-29,3527,2282,DMCA Piracy Prevention Inc,Vanessa sierra,https://lumendatabase.org/notices/29328253
S2 2022,mundodeportivo.com,15744829,2022-10-29,3527,2282,DMCA Piracy Prevention Inc,Vanessa sierra,https://lumendatabase.org/notices/29328279
S2 2022,dailymercato.com,15689556,2022-10-24,2,0,MyMedia Agency,MyMedia Agency,https://lumendatabase.org/notices/29266454
S2 2022,sportsmole.co.uk,15450316,2022-09-29,101,77,Smart Protection,MOLICOPI SL,https://lumendatabase.org/notices/28977951
S2 2022,sportsmole.co.uk,15445268,2022-09-28,76,50,Smart Protection,MOLICOPI SL,https://lumendatabase.org/notices/28967943
S2 2022,sportsmole.co.uk,15416715,2022-09-26,50,38,Smart Protection,Entertainment One UK Limited,https://lumendatabase.org/notices/28941014
S2 2022,dailymercato.com,15169980,2022-09-01,5,0,Athletia Sports GmbH,DFL Deutsche Fussball Liga e.V.,https://lumendatabase.org/notices/28640517
S2 2022,footballwhispers.com,14716460,2022-08-09,10,7,OpSec Security Online,Dareos Ltd.,https://lumendatabase.org/notices/28094387
S2 2022,footballwhispers.com,14845881,2022-07-26,1,1,riobet-com.com,RIOTECH N.V.,https://lumendatabase.org/notices/28248237
S1 2022,soccernet.ng,14395389,2022-06-02,1,0,All Nigeria Soccer,All Nigeria Soccer,https://lumendatabase.org/notices/27711454
S1 2022,vringe.com,14352843,2022-05-27,9,4,Star Media LLC,VGTRK,https://lumendatabase.org/notices/27654670
S1 2022,vringe.com,14322212,2022-05-22,11,3,Star Media LLC,VGTRK,https://lumendatabase.org/notices/27606921
S1 2022,basketusa.com,13918104,2022-05-11,6,1,Eureka Presse,Eureka Presse,https://lumendatabase.org/notices/27094784
S2 2021,mundodeportivo.com,13057369,2021-12-02,117,77,"McCandless Group, LLC","McCandless Group, LLC",https://lumendatabase.org/notices/26268997
S2 2021,mundodeportivo.com,12777149,2021-10-30,330,312,"McCandless Group, LLC","McCandless Group, LLC",https://lumendatabase.org/notices/25604459
S2 2021,soccernet.ng,12558603,2021-10-05,1,0,Allnigeriasoccer.com,Allnigeriasoccer.com,https://lumendatabase.org/notices/25349226
S2 2021,vringe.com,12270812,2021-10-01,57,8,Group-IB,"ООО ""А сериал""",https://lumendatabase.org/notices/25038112
S2 2021,vringe.com,12235669,2021-09-23,6,0,Group-IB,"ООО ""А сериал""",https://lumendatabase.org/notices/24964909
S2 2021,vringe.com,12171020,2021-09-16,37,7,Group-IB,"ООО ""А сериал""",https://lumendatabase.org/notices/24884919
S2 2021,vringe.com,12340108,2021-09-08,36,1,Group-IB,"ООО ""А сериал""",https://lumendatabase.org/notices/25080985
S2 2021,vringe.com,12319197,2021-09-06,26,8,Group-IB,"ООО ""А сериал""",https://lumendatabase.org/notices/25061570
S2 2021,vringe.com,12310994,2021-09-05,21,6,Group-IB,"ООО ""А сериал""",https://lumendatabase.org/notices/25052553
S2 2021,vringe.com,12304086,2021-09-04,178,18,Group-IB,АО «Телекомпания НТВ»,https://lumendatabase.org/notices/25047781
S2 2021,lakersbrasil.com,12230772,2021-08-25,99,48,Toomics Global,Toomics Global,https://lumendatabase.org/notices/24952152
S2 2021,lakersbrasil.com,12209817,2021-08-25,82,0,Toomics Global,"Toomics Global Co.,Ltd.",https://lumendatabase.org/notices/24950502
S2 2021,vringe.com,11939485,2021-08-16,8,0,Group-IB,ООО «М3»,https://lumendatabase.org/notices/24591361
S2 2021,lakersbrasil.com,12014972,2021-07-29,354,0,Toomics Global,"Toomics Global Co.,Ltd.",https://lumendatabase.org/notices/24682496
S2 2021,lakersbrasil.com,11989873,2021-07-27,158,0,Toomics Global,"Toomics Global Co.,Ltd.",https://lumendatabase.org/notices/24657083
S2 2021,vringe.com,12001264,2021-07-27,159,22,Group-IB,ООО «М3»,https://lumendatabase.org/notices/24660010
S2 2021,vringe.com,11985840,2021-07-26,34,7,Group-IB,"ООО ""А сериал""",https://lumendatabase.org/notices/24649733
S2 2021,mundodeportivo.com,11927842,2021-07-18,24,14,"McCandless Group, LLC","McCandless Group, LLC",https://lumendatabase.org/notices/24576228
S2 2021,mundodeportivo.com,11800728,2021-07-01,782,0,"Toomics Global Co.,Ltd.","Toomics Global Co.,Ltd.",https://lumendatabase.org/notices/24414782
S2 2021,mundodeportivo.com,11798095,2021-07-01,817,0,"Toomics Global Co.,Ltd.","Toomics Global Co.,Ltd.",https://lumendatabase.org/notices/24414297
S2 2021,observador.pt,11786207,2021-07-01,213,0,"Toomics Global Co.,Ltd.","Toomics Global Co.,Ltd.",https://lumendatabase.org/notices/24414626
S2 2021,observador.pt,11790770,2021-07-01,999,0,"Toomics Global Co.,Ltd.","Toomics Global Co.,Ltd.",https://lumendatabase.org/notices/24414192
S2 2021,trivela.com.br,11796559,2021-07-01,1000,0,"Toomics Global Co.,Ltd.","Toomics Global Co.,Ltd.",https://lumendatabase.org/notices/24413994
S2 2021,sportsmole.co.uk,11787556,2021-07-01,431,0,"Toomics Global Co.,Ltd.","Toomics Global Co.,Ltd.",https://lumendatabase.org/notices/24413517
S1 2021,sportsmole.co.uk,11487048,2021-05-26,631,284,Athletia Sports GmbH,DFL Deutsche Fussball Liga e.V.,https://lumendatabase.org/notices/23902729
S1 2021,sportsmole.co.uk,11487520,2021-05-26,560,58,Athletia Sports GmbH,DFL Deutsche Fussball Liga e.V.,https://lumendatabase.org/notices/23902271
S1 2021,sportsmole.co.uk,11483817,2021-05-26,631,92,Athletia Sports GmbH,DFL Deutsche Fussball Liga e.V.,https://lumendatabase.org/notices/23902730
S1 2021,sportsmole.co.uk,11486906,2021-05-26,654,44,Athletia Sports GmbH,DFL Deutsche Fussball Liga e.V.,https://lumendatabase.org/notices/23902212
S1 2021,sportsmole.co.uk,11487044,2021-05-26,685,70,Athletia Sports GmbH,DFL Deutsche Fussball Liga e.V.,https://lumendatabase.org/notices/23902743
S1 2021,sportsmole.co.uk,11495040,2021-05-26,206,1,Athletia Sports GmbH,DFL Deutsche Fussball Liga e.V.,https://lumendatabase.org/notices/23902655
S1 2021,sportsmole.co.uk,11494970,2021-05-26,644,138,Athletia Sports GmbH,DFL Deutsche Fussball Liga e.V.,https://lumendatabase.org/notices/23902728
S1 2021,sportsmole.co.uk,11485399,2021-05-26,726,1,Athletia Sports GmbH,DFL Deutsche Fussball Liga e.V.,https://lumendatabase.org/notices/23902727
S1 2021,sportsmole.co.uk,11477292,2021-05-26,463,9,Athletia Sports GmbH,DFL Deutsche Fussball Liga e.V.,https://lumendatabase.org/notices/23902124
S1 2021,sportsmole.co.uk,11482661,2021-05-26,663,0,Athletia Sports GmbH,DFL Deutsche Fussball Liga e.V.,https://lumendatabase.org/notices/23902726
S1 2021,sportsmole.co.uk,11484829,2021-05-26,778,0,Athletia Sports GmbH,DFL Deutsche Fussball Liga e.V.,https://lumendatabase.org/notices/23902127
S1 2021,sportsmole.co.uk,11481643,2021-05-26,530,0,Athletia Sports GmbH,DFL Deutsche Fussball Liga e.V.,https://lumendatabase.org/notices/23902282
S1 2021,sportsmole.co.uk,11478639,2021-05-26,708,251,Athletia Sports GmbH,DFL Deutsche Fussball Liga e.V.,https://lumendatabase.org/notices/23902279
S1 2021,sportsmole.co.uk,11483700,2021-05-26,476,0,Athletia Sports GmbH,DFL Deutsche Fussball Liga e.V.,https://lumendatabase.org/notices/23902098
S1 2021,sportsmole.co.uk,11482115,2021-05-26,703,0,Athletia Sports GmbH,DFL Deutsche Fussball Liga e.V.,https://lumendatabase.org/notices/23902096
S1 2021,sportsmole.co.uk,11482512,2021-05-26,766,0,Athletia Sports GmbH,DFL Deutsche Fussball Liga e.V.,https://lumendatabase.org/notices/23902285
S1 2021,sportsmole.co.uk,11450187,2021-05-21,605,0,Athletia Sports GmbH,DFL Deutsche Fussball Liga e.V.,https://lumendatabase.org/notices/23859629
S1 2021,sportsmole.co.uk,11450878,2021-05-21,761,651,Athletia Sports GmbH,DFL Deutsche Fussball Liga e.V.,https://lumendatabase.org/notices/23859800
S1 2021,sportsmole.co.uk,11449117,2021-05-21,346,177,Athletia Sports GmbH,DFL Deutsche Fussball Liga e.V.,https://lumendatabase.org/notices/23859633
S1 2021,vringe.com,11375352,2021-05-12,23,8,Group-IB,ООО «М3»,https://lumendatabase.org/notices/23766438
S1 2021,sportsmole.co.uk,10557098,2021-01-13,569,258,Liga Nacional de Fútbol Profesional,Liga Nacional de Fútbol Profesional,https://lumendatabase.org/notices/22745574
S2 2020,sportsmole.co.uk,9712979,2020-08-25,261,137,Liga Nacional de Fútbol Profesional,Liga Nacional de Fútbol Profesional,https://lumendatabase.org/notices/21684030
S2 2020,sportsmole.co.uk,9560089,2020-07-21,253,205,Liga Nacional de Fútbol Profesional,Liga Nacional de Fútbol Profesional,https://lumendatabase.org/notices/21486956
S1 2020,vringe.com,8856228,2020-03-01,9,5,Group-IB,"ОАО ""Первый канал """,https://lumendatabase.org/notices/20195960
S1 2020,sportsmole.co.uk,8740690,2020-02-18,44,14,Comsec Investigations Limited,Sky UK Limited,https://lumendatabase.org/notices/20122158
S1 2020,sportsmole.co.uk,8729244,2020-01-29,43,0,Comsec Investigations Limited,Sky UK Limited,https://lumendatabase.org/notices/19991949
S1 2020,sportsmole.co.uk,8724908,2020-01-28,41,27,Comsec Investigations Limited,Sky UK Limited,https://lumendatabase.org/notices/19985511
S1 2020,sportsmole.co.uk,8624863,2020-01-08,20,7,IP House UK Holdings Ltd,Sky UK Limited,https://lumendatabase.org/notices/19856098
S2 2019,sportsmole.co.uk,8551850,2019-12-19,29,16,IP House UK Holdings Ltd,Sky UK Limited,https://lumendatabase.org/notices/19749087
S2 2019,vringe.com,8393927,2019-11-12,65,17,Vindex,INTER TV channel,https://lumendatabase.org/notices/19546624
S2 2019,vringe.com,8362668,2019-11-08,412,146,Vindex,INTER TV channel,https://lumendatabase.org/notices/19527457
S2 2019,vringe.com,8364703,2019-11-04,634,236,Vindex,INTER TV channel,https://lumendatabase.org/notices/19500729
S2 2019,vringe.com,8339049,2019-11-01,505,175,Vindex,INTER TV channel,https://lumendatabase.org/notices/19485008
S2 2019,sportsmole.co.uk,8196538,2019-10-01,17,6,IP House UK Holdings Ltd,Sky UK Limited,https://lumendatabase.org/notices/19301212
S2 2019,vringe.com,8147462,2019-09-21,49,23,Group-IB,UFC,https://lumendatabase.org/notices/19252123
S2 2019,vringe.com,8026162,2019-08-20,20,20,Group-IB,UFC,https://lumendatabase.org/notices/19069383
S2 2019,vringe.com,8014606,2019-08-18,8,8,Group-IB,UFC,https://lumendatabase.org/notices/19059062
S1 2019,vringe.com,7546457,2019-04-20,28,12,Group-IB,Zuffa International LLC,https://lumendatabase.org/notices/18406396
S1 2018,vringe.com,6131537,2018-05-22,999,732,KAZTELEPRODUCT,Walt Disney Pictures,https://lumendatabase.org/notices/16552103
S1 2018,vringe.com,6131662,2018-05-22,999,722,KAZTELEPRODUCT,Amazon Group,https://lumendatabase.org/notices/16552095
S2 2017,sportsmole.co.uk,4962387,2017-08-12,990,0,"Multi Media, LLC","Multi Media, LLC",https://lumendatabase.org/notices/14842836
S2 2017,basketusa.com,4868738,2017-07-25,330,0,ChaturbateLLC,ChaturbateLLC,https://lumendatabase.org/notices/14719721
S2 2017,basketusa.com,4867726,2017-07-25,330,0,ChaturbateLLC,ChaturbateLLC,https://lumendatabase.org/notices/14719084
S2 2017,quintoquartobr.com,4871072,2017-07-25,330,0,ChaturbateLLC,ChaturbateLLC,https://lumendatabase.org/notices/14718863
S1 2016,vringe.com,3605480,2016-06-25,5,0,"1+1 INTERNET, LLC","1+1 INTERNET, LLC",https://lumendatabase.org/notices/12525834
S1 2016,observador.pt,3564985,2016-06-14,21,17,Web Sheriff,XL Recordings / Beggars Group,https://lumendatabase.org/notices/12450200
S1 2016,vringe.com,3554290,2016-06-12,7,0,"1+1 INTERNET, LLC","1+1 INTERNET, LLC",https://lumendatabase.org/notices/12433130
S1 2016,vringe.com,3555608,2016-06-12,9,0,Denis Nekrasov,"1+1 INTERNET, LLC",https://lumendatabase.org/notices/12432623
S1 2016,observador.pt,3456492,2016-05-15,280,266,Web Sheriff,XL Recordings / Beggars Group,http://lumendatabase.org/notices/12254993
S1 2015,observador.pt,2295772,2015-06-15,1,0,1v0X2YizQSRPSUh_dqa2Podxnpjs,"Merrill Lynch Pierce, Fenner & Smith Incorporated",http://www.chillingeffects.org/notices/10865314
